,title,country,genre,release_year,duration
35,#Rucker50,United States,Documentaries,2016,56
55,100 Things to do Before High School,United States,Uncategorized,2014,44
67,13TH: A Conversation with Oprah Winfrey & Ava DuVernay,,Uncategorized,2017,37
101,3 Seconds Divorce,Canada,Documentaries,2018,53
146,A 3 Minute Hug,Mexico,Documentaries,2019,28
162,A Christmas Special: Miraculous: Tales of Ladybug & Cat Noir,France,Uncategorized,2016,22
171,A Family Reunion Christmas,United States,Uncategorized,2019,29
177,A Go! Go! Cory Carson Christmas,United States,Children,2020,22
178,A Go! Go! Cory Carson Halloween,,Children,2020,22
179,A Go! Go! Cory Carson Summer Camp,,Children,2020,21
181,A Grand Night In: The Story of Aardman,United Kingdom,Documentaries,2015,59
200,A Love Song for Latasha,United States,Documentaries,2020,20
220,A Russell Peters Christmas,Canada,Stand-Up,2011,44
233,A StoryBots Christmas,United States,Children,2017,26
237,A Tale of Two Kitchens,United States,Documentaries,2019,30
242,A Trash Truck Christmas,,Children,2020,28
247,A Very Murray Christmas,United States,Comedies,2015,57
285,Abominable Christmas,United States,Children,2012,44
295,Across Grace Alley,United States,Dramas,2013,24
305,Adam Devine: Best Time of Our Lives,United States,Stand-Up,2019,59
310,Adel Karam: Live from Beirut,United States,Stand-Up,2018,59
325,After Maria,United States,Documentaries,2019,38
328,After the Raid,United States,Documentaries,2019,25
342,Aggretsuko: We Wish You a Metal Christmas,Japan,Uncategorized,2018,22
344,Agustín Aristarán: Soy Rada,Argentina,Stand-Up,2018,60
370,Alan Saldaña: Mi vida de pobre,Mexico,Stand-Up,2017,54
375,Alejandro Riaño: Especial de stand up,Colombia,Stand-Up,2018,60
378,Alex Fernández: The Best Comedian in the World,Mexico,Stand-Up,2020,51
386,Ali Wong: Baby Cobra,United States,Stand-Up,2016,60
390,"Alias JJ, la celebridad del mal",,Documentaries,2017,54
399,Alien Xmas,United States,Children,2020,42
414,All In My Family,United States,Documentaries,2019,40
432,Alpha and Omega 2: A Howl-iday Adventure,United States,Children,2013,45
433,Alpha and Omega: The Legend of the Saw Tooth Cave,United States,Children,2014,45
450,Amelia: A Tale of Two Sisters,United Kingdom,Documentaries,2017,44
459,American Experience: Ruby Ridge,United States,Documentaries,2017,53
461,American Experience: The Island Murder,United States,Documentaries,2018,53
463,American Factory: A Conversation with the Obamas,United States,Documentaries,2019,10
469,American Masters: Ted Williams,United States,Documentaries,2018,55
483,Amy Schumer: The Leather Special,United States,Stand-Up,2017,57
519,Angela's Christmas,Ireland,Children,2018,30
520,Angela's Christmas Wish,United States,Children,2020,48
527,ANIMA,United Kingdom,Dramas,2019,15
551,Anthony Jeselnik: Thoughts and Prayers,United States,Stand-Up,2015,59
554,Antoine Griezmann: The Making of a Legend,,Documentaries,2019,60
577,Ari Eldjárn: Pardon My Icelandic,Iceland,Stand-Up,2020,54
623,Auschwitz: Blueprints of Genocide,United Kingdom,Documentaries,1994,49
648,Aziz Ansari Live at Madison Square Garden,United States,Stand-Up,2015,58
771,Baxu and the Giants,Namibia,Dramas,2019,29
780,Beak & Brain: Genius Birds From Down Under,Germany,Documentaries,2013,52
782,Beary Tales,United States,Children,2013,52
787,Beat Bugs: All Together Now,Australia,Children,2017,51
836,Benji's Very Own Christmas Story,United States,Children,1978,25
847,Bert Kreischer: Secret Time,,Stand-Up,2018,57
853,"Best Wishes, Warmest Regards: A Schitt's Creek Farewell",Canada,Documentaries,2020,44
861,Betty White: First Lady of Television,United States,Documentaries,2018,56
877,Beyond the Boundary: ICC Women's T20 World Cup Australia 2020,,Documentaries,2020,59
919,Bill Hicks: One Night Stand,United Kingdom,Stand-Up,1991,28
920,Bill Hicks: Reflections,,Documentaries,2015,34
922,Bill Hicks: Revelations,United Kingdom,Stand-Up,1993,56
935,Birders,United States,Documentaries,2019,38
1008,Bo Burnham: Make Happy,United States,Music,2016,60
1009,Bo Burnham: what.,United States,Stand-Up,2013,60
1013,Bob's Broken Sleigh,Canada,Children,2015,47
1026,BoJack Horseman Christmas Special: Sabrina's Christmas Wish,United States,Uncategorized,2014,26
1078,Brave Blue World: Racing to Solve Our Water Crisis,Canada,Documentaries,2020,51
1101,Bridget Christie: Stand Up for Her,United Kingdom,Stand-Up,2016,51
1128,Buddy Thunderstruck: The Maybe Pile,United States,Uncategorized,2017,14
1175,Calico Critters: A Town of Dreams,,Children,2017,11
1176,Calico Critters: Everyone's Big Dream Flying in the Sky,,Children,2019,11
1177,Calico Critters: The Treasure of Calico Village,,Children,2017,22
1203,Canvas,United States,Children,2020,9
1207,Captain Underpants Mega Blissmas,United States,Children,2020,46
1251,Cedric the Entertainer: Live from the Ville,United States,Stand-Up,2016,60
1327,Chico Bon Bon and the Very Berry Holiday,,Children,2020,25
1354,Chris D'Elia: No Pain,United States,Stand-Up,2020,55
1360,Christina P: Mother Inferior,United States,Stand-Up,2017,59
1378,ChuChuTV Bedtime Stories & Moral Stories for Kids (English),,Children,2019,47
1379,ChuChuTV Bedtime Stories & Moral Stories for Kids (Hindi),,Children,2019,56
1381,ChuChuTV Surprise Eggs Learning Videos (Hindi),,Children,2019,34
1429,"Club de Cuervos Presents: I, Potro",Mexico,Uncategorized,2018,51
1443,Coco y Raulito: Carrusel de ternura,Mexico,Stand-Up,2018,57
1460,Colin Quinn: Unconstitutional,United States,Stand-Up,2015,56
1480,Concrete Football,Czech Republic,Documentaries,2016,52
1500,Cop Watchers,,Documentaries,2016,45
1501,Cops and Robbers,United States,Dramas,2020,8
1504,Cosmos Laundromat: First Cycle,Netherlands,Dramas,2015,12
1528,Creating The Queen's Gambit,,Documentaries,2021,14
1544,Cristina,United States,Documentaries,2016,40
1552,Cultivating the Seas: History and Future of the Full-Cycle Cultured Kindai Tuna,,Documentaries,2019,45
1563,D.L. Hughley: Clear,United States,Stand-Up,2014,59
1564,D.L. Hughley: Contrarian,United States,Stand-Up,2018,58
1593,Dancing with the Birds,United States,Documentaries,2019,52
1601,Daniel Sosa: Maleducado,Mexico,Stand-Up,2019,55
1662,Dear Dracula,United States,Children,2012,43
1676,Deathgrip,United Kingdom,International Movies,2017,53
1697,Demetri Martin: The Overthinker,United States,Stand-Up,2018,56
1708,Derren Brown: Sacrifice,,Uncategorized,2018,50
1754,Digs & Discoveries: All Track's Lead to Rome,,Children,2019,23
1755,Digs & Discoveries: Mines of Mystery,,Children,2019,23
1855,Dragons: Dawn of the Dragon Racers,United States,Children,2014,27
1858,Dragons: Rescue Riders: Hunt for the Golden Dragon,United States,Children,2020,46
1859,Dragons: Rescue Riders: Huttsgalor Holiday,United States,Children,2020,46
1860,Dragons: Rescue Riders: Secrets of the Songwing,United States,Children,2020,46
1862,Dream Big: Engineering Our World,United States,Documentaries,2017,42
1868,DreamWorks Home: For the Holidays,United States,Children,2017,46
1901,E-Cigarettes: Miracle or Menace?,United Kingdom,Documentaries,2016,52
1956,"El Especial de Alex Fernández, el Especial",Mexico,Stand-Up,2017,52
1958,El límite infinito,,Documentaries,2020,48
1974,Elf Pets: A Fox Cub’s Christmas Tale,United States,Children,2020,28
1975,Elf Pets: Santa’s Reindeer Rescue,United States,Children,2020,27
1984,Elles ont toutes une histoire,,Documentaries,2016,49
2001,End Game,United States,Documentaries,2018,40
2012,Enter the Anime,United States,Documentaries,2019,59
2021,Eric Andre: Legalize Everything,United States,Stand-Up,2020,52
2062,Exit Afghanistan,Norway,Documentaries,2013,58
2076,Extremis,United States,Documentaries,2016,25
2086,Fabrizio Copano: Solo pienso en mi,Chile,Stand-Up,2017,60
2089,Fadily Camara : La plus drôle de tes copines,France,Stand-Up,2019,54
2107,Famous in Ahmedabad,India,Documentaries,2015,29
2110,Fanatyk,Poland,Comedies,2017,33
2143,Felipe Esparza: They're Not Going to Laugh at You,United States,Stand-Up,2012,58
2145,Felix Lobrecht: Hype,Germany,Stand-Up,2020,60
2157,Figaro Pho,United Kingdom,Children,2008,29
2172,Fire in Paradise,United States,Documentaries,2019,40
2177,Fireplace 4K: Classic Crackling Fireplace from Fireplace for Your Home,,Uncategorized,2015,60
2178,Fireplace 4K: Crackling Birchwood from Fireplace for Your Home,,Uncategorized,2015,60
2190,Fishpeople,,Documentaries,2017,49
2195,Fittest in Dubai,United Arab,Documentaries,2019,60
2257,Franco Escamilla: Bienvenido al mundo,Mexico,Stand-Up,2019,54
2262,"Frankenstein’s Monster’s Monster, Frankenstein",United States,Comedies,2019,32
2272,Free Rein: The Twelve Neighs of Christmas,,Children,2018,58
2273,Free Rein: Valentine's Day,United States,Children,2019,51
2294,From One Second to the Next,United States,Documentaries,2013,35
2300,Frozen Planet: On Thin Ice,United Kingdom,Uncategorized,2011,47
2301,Frozen Planet: The Epic Journey,United Kingdom,Uncategorized,2011,52
2332,Gad Elmaleh: American Dream,United States,Stand-Up,2018,58
2333,Gad Gone Wild,France,Stand-Up,2017,57
2377,George Lopez: We'll Do It For Half,United States,Stand-Up,2020,52
2397,Ghost Pain,Japan,Action,2013,58
2398,Ghost Patrol,Canada,Children,2016,47
2401,Ghost Tears,Japan,Action,2014,58
2403,Ghost Whispers,Japan,Action,2013,56
2404,Ghosts of Sugar Land,United States,Documentaries,2019,22
2416,Gina Yashere: Skinny B*tch,United Kingdom,Stand-Up,2008,58
2447,Go! Go! Cory Carson: The Chrissy,United States,Children,2020,42
2449,GO! The Unforgettable Party,Argentina,Children,2019,60
2464,Golden Time,Japan,International Movies,2013,22
2520,Grass,United States,Comedies,2017,57
2560,Guy Martin: Last Flight of the Vulcan Bomber,United Kingdom,Documentaries,2015,57
2629,Harlem Globetrotters: The Team That Changed the World,,Documentaries,2005,55
2664,Hazel Brugger: Tropical,Germany,Stand-Up,2020,58
2710,Heroin(e),United States,Documentaries,2017,40
2759,Hitler's Olympics,United Kingdom,Documentaries,2016,44
2760,Hitler's Steel Beast,France,Documentaries,2017,54
2850,How to Stage a Coup,United Kingdom,Documentaries,2017,47
2852,How to Win the US Presidency,United States,Documentaries,2016,51
2893,I Am Maris,United States,Documentaries,2018,54
2939,If Anything Happens I Love You,United States,Dramas,2020,13
3029,Interview with a Serial Killer,United States,Documentaries,2008,45
3101,Jack Whitehall: I'm Only Joking,United Kingdom,Stand-Up,2020,58
3104,Jackie: A Tale of Two Sisters,United Kingdom,Documentaries,2017,44
3115,Jake's Buccaneer Blast,,Uncategorized,2014,22
3135,Jeff Dunham: Beside Himself,United States,Stand-Up,2019,58
3142,Jeff Garlin: Our Man In Chicago,United States,Stand-Up,2019,59
3159,Jesus: Countdown to Calvary,Ireland,Documentaries,2018,53
3162,JFK: The Making of a President,United Kingdom,Documentaries,2017,44
3178,Jimmy Carr: The Best of Ultimate Gold Greatest Hits,,Stand-Up,2019,58
3188,Jo Koy: Comin' In Hot,United States,Stand-Up,2019,60
3189,Jo Koy: In His Elements,United States,Stand-Up,2020,55
3209,John Mulaney: New in Town,United States,Stand-Up,2012,60
3211,John Was Trying to Contact Aliens,United States,Documentaries,2020,17
3236,Jugaad,,Documentaries,2017,52
3295,Kalki,India,Dramas,2017,41
3322,Katt Williams: Great America,United States,Stand-Up,2018,60
3325,Katt Williams: The Pimp Chronicles: Pt. 1,United States,Stand-Up,2006,45
3327,Kavin Jay: Everybody Calm Down!,,Stand-Up,2018,53
3342,Kevin Hart: Irresponsible,United States,Stand-Up,2019,60
3350,Kevin James: Sweat the Small Stuff,United States,Stand-Up,2001,42
3378,Kill Hitler! The Luck of the Devil,France,Documentaries,2015,53
3433,Koko: The Gorilla Who Talks,United Kingdom,Documentaries,2016,56
3444,Krish Trish and Baltiboy,,Children,2009,58
3450,Krish Trish and Baltiboy: Part II,,Children,2010,58
3451,Krish Trish and Baltiboy: The Greatest Trick,,Children,2013,60
3466,Kung Fu Panda: Holiday,United States,Children,2010,26
3467,Kung Fu Panda: Secrets of the Scroll,United States,Children,2016,23
3480,Kygo: Live at the Hollywood Bowl,United States,Music,2017,52
3494,La Gran Ilusión,,International Movies,2016,50
3510,Ladies First,India,Documentaries,2018,40
3554,Le serment des Hitler,France,Documentaries,2014,54
3559,LeapFrog: Letter Factory,United States,Children,2003,37
3560,LeapFrog: Numberland,United States,Uncategorized,2011,33
3561,LeapFrog: Phonics Farm,United States,Uncategorized,2011,35
3562,"LeapFrog: Sing-along, Read-along",,Children,2011,32
3579,Lego DC Comics: Batman Be-Leaguered,United States,Uncategorized,2014,22
3584,LEGO House - Home of the Brick,,Documentaries,2018,48
3587,LEGO Jurassic World: The Indominus Escape,United States,Children,2016,25
3588,LEGO Marvel Super Heroes: Avengers Reassembled!,United States,Children,2015,22
3589,LEGO Marvel Super Heroes: Black Panther,United States,Children,2018,22
3590,LEGO Marvel Super Heroes: Guardians of the Galaxy,United States,Children,2017,22
3593,LEGO Ninjago: Masters of Spinjitzu: Day of the Departed,Denmark,Action,2016,44
3595,LEGO: Marvel Super Heroes: Maximum Overload,United States,Children,2013,22
3605,Lessons from a School Shooting: Notes from Dunblane,United States,Documentaries,2018,24
3608,Let There Be Light,United States,Classic Movies,1946,58
3629,Life Overtakes Me,Sweden,Documentaries,2019,40
3644,Limitless,India,Documentaries,2017,59
3652,Liss Pereira: Reteniendo líquidos,Brazil,Stand-Up,2019,59
3655,Little Baby Bum: Go Buster,,Children,2019,58
3661,Little Lunch: The Halloween Horror Story,Australia,Children,2016,23
3662,Little Lunch: The Nightmare Before Graduation,Australia,Children,2016,25
3664,Little Miss Sumo,United Kingdom,Documentaries,2018,20
3712,Long Shot,United States,Documentaries,2017,40
3720,"Lorena, Light-Footed Woman",Mexico,Documentaries,2019,28
3799,Lucas Brothers: On Drugs,United States,Stand-Up,2017,50
3828,Lynne Koplitz: Hormonal Beast,United States,Stand-Up,2017,51
3831,Ma Rainey's Black Bottom: A Legacy Brought to Screen,,Documentaries,2020,32
3863,Maharaja: The Story of Ranjit Singh,,Dramas,2010,56
3878,Making The Witcher,United States,Documentaries,2020,33
3879,Making Unorthodox,Germany,Documentaries,2020,21
3885,Malena Pichot: Estupidez compleja,Argentina,Stand-Up,2018,51
3936,Marco Polo: One Hundred Eyes,United States,Uncategorized,2015,29
3939,Maria Bamford: The Special Special Special,United States,Stand-Up,2012,50
3940,Mariah Carey's Merriest Christmas,United States,Children,2015,38
3943,Mark Gatiss: A Study in Sherlock,,Uncategorized,2016,29
3955,Martin Luther: The Idea that Changed the World,United States,Documentaries,2017,55
3991,Mau Nieto: Viviendo sobrio… desde el bar,Mexico,Stand-Up,2018,57
4005,Mea Culpa,Mexico,Stand-Up,2017,54
4017,Meet the Trumps: From Immigrant to President,United Kingdom,Documentaries,2017,48
4067,"Michael Bolton's Big, Sexy Valentine's Day Special",United States,Comedies,2017,54
4069,Michael Lost and Found,Canada,Documentaries,2017,19
4071,Michelle Buteau: Welcome to Buteaupia,United States,Stand-Up,2020,59
4072,Michelle Wolf: Joke Show,United States,Stand-Up,2019,60
4082,Mighty Express: A Mighty Christmas,Canada,Children,2020,26
4093,Mike Birbiglia: What I Should Have Said Was Nothing: Tales from My Secret Public Journal,United States,Stand-Up,2008,56
4094,Mike Epps: Don't Take It Personal,United States,Stand-Up,2015,60
4154,Mo Amer: The Vagabond,United States,Stand-Up,2018,57
4159,Modest Heroes: Ponoc Short Films Theatre,Japan,Anime Features,2018,54
4176,Money Heist: The Phenomenon,Spain,Documentaries,2020,57
4188,Monster High: Escape from Skull Shores,United States,Children,2012,46
4190,Monster High: Friday Night Frights,United States,Children,2013,46
4191,Monster High: Fright On!,United States,Children,2011,46
4196,Monster High: New Ghoul at School,United States,Children,2010,23
4197,"Monster High: Scaris, City of Frights",United States,Children,2013,60
4198,Monster High: Why Do Ghouls Fall in Love?,United States,Children,2013,46
4209,Monty Python Conquers America,,Documentaries,2008,55
4211,Monty Python: Before the Flying Circus,United Kingdom,Comedies,2000,56
4212,Monty Python: Live at Aspen,United States,Comedies,1998,58
4330,My Little Pony Equestria Girls: Forgotten Friendship,United States,Children,2018,44
4334,My Little Pony Equestria Girls: Rollercoaster of Friendship,United States,Children,2018,44
4335,My Little Pony Friendship Is Magic: Best Gift Ever,United States,Children,2018,44
4417,Natalie Palamides: Nate - A One Man Show,United States,Comedies,2020,60
4418,Natascha Kampusch: The Whole Story,United States,Uncategorized,2010,51
4423,National Parks Adventure,United States,Documentaries,2016,42
4430,Nature: Raising the Dinosaur Giant,United States,Documentaries,2016,53
4436,Nazi Concentration Camps,United States,Classic Movies,1945,59
4467,Night on Earth: Shot in the Dark,United Kingdom,Uncategorized,2020,59
4514,Not Alone,United States,Documentaries,2017,50
4520,NOVA: Bird Brain,United States,Children,2017,53
4522,NOVA: Building Chernobyl's MegaTomb,United States,Documentaries,2017,53
4523,NOVA: Chinese Chariot Revealed,United States,Documentaries,2017,54
4524,NOVA: Day the Dinosaurs Died,United States,Documentaries,2017,53
4525,NOVA: Death Dive to Saturn,United States,Documentaries,2017,54
4527,NOVA: Eclipse Over America,United States,Documentaries,2017,53
4528,NOVA: Extreme Animal Weapons,United States,Documentaries,2017,53
4529,NOVA: First Face of America,United States,Documentaries,2018,53
4530,NOVA: Holocaust Escape Tunnel,United States,Documentaries,2017,54
4531,NOVA: Killer Floods,United States,Documentaries,2017,54
4532,NOVA: Killer Hurricanes,United States,Documentaries,2017,52
4533,NOVA: Killer Volcanoes,United States,Documentaries,2017,54
4534,NOVA: Poisoned Water,United States,Documentaries,2017,54
4535,NOVA: Prediction by the Numbers,United States,Documentaries,2018,53
4536,NOVA: Secrets of the Shining Knight,United States,Documentaries,2017,53
4537,NOVA: Thai Cave Rescue,United States,Documentaries,2018,53
4539,Nova: Ultimate Mars Challenge,United States,Uncategorized,2012,53
4549,Numbered,Israel,Documentaries,2012,55
4570,Octonauts & the Great Barrier Reef,United Kingdom,Children,2020,47
4572,Oddbods: Party Monsters,,Uncategorized,2018,23
4573,Oddbods: The Festive Menace,,Uncategorized,2018,23
4645,One Last Shot,Canada,Comedies,1998,31
4702,"Out of Many, One",United States,Documentaries,2018,35
4729,Pac's Scary Halloween,,Uncategorized,2016,44
4783,Party Monster: Scratching the Surface,United States,Comedies,2018,33
4812,Pee-wee's Playhouse: Christmas Special,United States,Uncategorized,1988,48
4830,Period. End of Sentence.,United States,Documentaries,2018,26
4834,Pete Davidson: Alive From New York,United States,Stand-Up,2020,50
4886,Poacher,United Kingdom,Dramas,2018,28
4888,Pocoyo & Cars,,Uncategorized,2015,19
4889,Pocoyo & The Space Circus,Spain,Uncategorized,2008,25
4890,Pocoyo Carnival,,Uncategorized,2015,22
4891,Pocoyo Halloween: Space Halloween,United States,Uncategorized,2015,40
4892,Pocoyo Halloween: Spooky Movies,,Uncategorized,2014,22
4893,Pocoyo Special Sports,,Uncategorized,2016,24
4942,"Power Rangers Samurai: Christmas Together, Friends Forever (Christmas Special)",United States,Uncategorized,2011,24
4943,Power Rangers Samurai: Clash of the Red Rangers,United States,Children,2011,46
4944,Power Rangers Samurai: Party Monsters (Halloween Special),United States,Uncategorized,2011,24
4946,Power Rangers Super Megaforce: The Legendary Battle (Extended),United States,Uncategorized,2014,55
4948,Power Rangers Super Samurai: Stuck on Christmas,United States,Children,2012,24
4949,Power Rangers Super Samurai: Trickster Treat,United States,Uncategorized,2012,23
4955,Power Rangers: Megaforce: Raising Spirits,United States,Children,2013,24
4956,Power Rangers: Megaforce: The Robo Knight Before Christmas,United States,Children,2013,24
4960,Prelude to War,United States,Classic Movies,1942,52
4974,Prince of Peoria: A Christmas Moose Miracle,United States,Children,2018,29
5011,Puss in Book: Trapped in an Epic Tale,United States,Children,2017,24
5025,QLIMAX THE SOURCE,Netherlands,Music,2020,57
5087,"Ram Dass, Going Home",United States,Documentaries,2018,32
5107,"Ray Romano: Right Here, Around the Corner",United States,Stand-Up,2019,59
5115,Real Crime: Diamond Geezers,United Kingdom,Documentaries,2008,46
5116,Real Crime: Supermarket Heist (Tesco Bomber),United Kingdom,Documentaries,2010,46
5140,Refugee,,Documentaries,2016,24
5148,ReMastered: Devil at the Crossroads,United States,Documentaries,2019,49
5153,ReMastered: Tricky Dick & The Man in Black,United States,Documentaries,2018,59
5154,ReMastered: Who Killed Jam Master Jay?,,Documentaries,2018,59
5155,ReMastered: Who Shot the Sheriff,United States,Documentaries,2018,57
5172,Resurface,United States,Documentaries,2017,28
5196,Ricardo O'Farrill: Abrazo navideño,Mexico,Stand-Up,2016,31
5197,Ricardo Quevedo: Hay gente así,Colombia,Stand-Up,2018,59
5198,Ricardo Quevedo: Los amargados somos más,,Stand-Up,2019,59
5233,"Rob Schneider: Asian Momma, Mexican Kids",United States,Stand-Up,2020,44
5234,Roberto Saviano: Writing Under Police Protection,Italy,Documentaries,2016,45
5243,Rocko's Modern Life: Static Cling,United States,Children,2019,46
5251,Rodney King,United States,Dramas,2017,53
5277,Room on the Broom,United Kingdom,Children,2012,26
5279,Rooting for Roona,India,Documentaries,2020,42
5319,Ryan Hamilton: Happy Face,United States,Stand-Up,2017,57
5357,Sam Kinison: Breaking the Rules,United States,Stand-Up,1987,50
5358,Sam Kinison: Family Entertainment Hour,United States,Stand-Up,1991,49
5360,Sam Kinison: The Scream Continues,United States,Documentaries,2016,29
5371,San Pietro,United States,Classic Movies,1945,32
5383,Santa Pac's Merry Berry Day,,Uncategorized,2016,44
5388,Sarah Cooper: Everything's Fine,United States,Comedies,2020,50
5409,Saudi Arabia Uncovered,United Kingdom,Documentaries,2016,52
5414,Saverio Raimondo: Il Satiro Parlante,Italy,Stand-Up,2019,53
5452,Sebastián Marcelo Wainraich,Argentina,Stand-Up,2018,49
5467,Secrets of Althorp - The Spencers,United States,Documentaries,2013,54
5468,Secrets of Chatsworth,United States,Documentaries,2013,54
5470,Secrets of Henry VIII's Palace: Hampton Court,United States,Documentaries,2013,54
5471,Secrets of Her Majesty's Secret Service,United Kingdom,Documentaries,2014,55
5472,Secrets of Highclere Castle,United States,Documentaries,2013,54
5473,Secrets of Scotland Yard,United Kingdom,Documentaries,2013,55
5474,Secrets of Selfridges,United States,Documentaries,2014,55
5476,Secrets of the Tower of London,United Kingdom,Documentaries,2013,55
5477,Secrets of Underground London,United Kingdom,Documentaries,2014,55
5478,Secrets of Westminster,United States,Documentaries,2014,55
5547,Shaun the Sheep: The Farmer’s Llamas,United Kingdom,Children,2020,28
5575,Shopkins: Chef Club,United States,Uncategorized,2016,45
5605,Silent,United States,Children,2014,3
5613,Simon Amstell: Set Free,United Kingdom,Stand-Up,2019,52
5643,Sitara: Let Girls Dream,Pakistan,Children,2020,16
5655,Skydancers,United States,Documentaries,2014,49
5694,Sol Levante,Japan,Action,2020,5
5759,Spirit Riding Free: Spirit of Christmas,United States,Children,2019,46
5765,Splatter,United States,Horror Movies,2009,29
5766,Spookley and the Christmas Kittens,United States,Children,2019,45
5767,Spookley the Square Pumpkin,United States,Children,2004,47
5793,StarBeam: Halloween Hero,Canada,Children,2020,33
5806,Stealing History,United States,Documentaries,2006,52
5807,Steam Team to the Rescue,,Children,2019,23
5863,Sturgill Simpson Presents Sound & Fury,United States,Anime Features,2019,42
5872,Sugar High,United States,Children,2020,44
5893,Super Monsters and the Wish Star,,Children,2018,28
5894,Super Monsters Back to School,Canada,Children,2019,24
5895,Super Monsters Furever Friends,,Children,2019,59
5898,Super Monsters Save Christmas,United States,Children,2019,24
5899,Super Monsters Save Halloween,,Children,2018,25
5900,Super Monsters: Dia de los Monsters,Canada,Children,2020,25
5901,Super Monsters: Santa’s Super Monster Helpers,,Children,2020,24
5902,Super Monsters: The New Class,Canada,Children,2020,25
5903,Super Monsters: Vida's First Halloween,United States,Children,2019,24
5999,Tayo the Little Bus Movie: Mission Ace,United States,Children,2016,48
6117,The Battle of Midway,United States,Classic Movies,1942,18
6152,The Bomb,United States,Documentaries,2016,59
6169,The Boys in the Band: Something Personal,United States,Documentaries,2020,28
6200,The Carter Effect,United States,Documentaries,2017,60
6226,The Claudia Kishi Club,United States,Documentaries,2020,17
6247,The Creative Brain,United States,Documentaries,2019,53
6354,The First Temptation of Christ,Brazil,Comedies,2019,46
6384,The Garden of Words,Japan,Anime Features,2013,46
6465,The House of Flowers Presents: The Funeral,,Uncategorized,2019,36
6469,The Human Factor: The Untold Story of the Bombay Film Orchestras,India,Documentaries,2013,53
6508,The Irishman: In Conversation,United States,Documentaries,2019,24
6514,The Jack King Affair,France,Documentaries,2015,52
6559,The Last Hangover,Brazil,Comedies,2018,44
6589,The Letter Reader,South Africa,Dramas,2019,30
6610,The Lonely Island Presents: The Unauthorized Bash Brothers Experience,,Comedies,2019,30
6631,The Magic School Bus Rides Again In the Zone,Canada,Children,2020,46
6632,The Magic School Bus Rides Again Kids In Space,United States,Children,2020,46
6633,The Magic School Bus Rides Again The Frizz Connection,Canada,Children,2020,46
6645,The Massively Mixed-Up Middle School Mystery,United States,Children,2015,40
6654,The Meaning of Monty Python,United Kingdom,Documentaries,2013,60
6657,"The Memphis Belle: A Story of a
Flying Fortress",United States,Classic Movies,1944,40
6670,The Minimalists: Less Is Now,United States,Documentaries,2021,54
6680,The Mitfords: A Tale of Two Sisters,United Kingdom,Documentaries,2017,44
6699,The Negro Soldier,United States,Classic Movies,1944,40
6702,The Netflix Afterparty: The Best Shows of The Worst Year,United States,Comedies,2020,59
6803,The Rat Race,India,Documentaries,2010,52
6830,The Road to El Camino: Behind the Scenes of El Camino: A Breaking Bad Movie,United States,Documentaries,2019,14
6843,The Russian Revolution,United Kingdom,Documentaries,2017,47
6854,The Search for Life in Space,United States,Documentaries,2016,32
6891,The Speed Cubers,United States,Documentaries,2020,41
6894,The Spooky Tale of Captain Underpants Hack-a-ween,United States,Children,2019,46
6929,The Tigers of Scotland,United Kingdom,Documentaries,2017,58
6935,The Trader (Sovdagari),Georgia,Documentaries,2018,24
6948,The Truth About Alcohol,United Kingdom,Documentaries,2016,58
6997,The White Helmets,United Kingdom,Documentaries,2016,41
7011,The Women Who Kill Lions,United Kingdom,Documentaries,2016,47
7019,The World's Most Wanted Animal,United Kingdom,Documentaries,2018,53
7053,Thomas & Friends: Marvelous Machinery: A New Arrival,,Children,2020,23
7054,Thomas & Friends: Marvelous Machinery: World of Tomorrow,,Children,2020,23
7055,Thomas & Friends: Thomas and the Royal Engine,,Children,2020,23
7072,Thunderbolt,United States,Classic Movies,1947,42
7078,Tiffany Haddish: Black Mitzvah,United States,Stand-Up,2019,56
7081,Tig Notaro Happy To Be Here,United States,Stand-Up,2018,58
7089,Tim Allen: Men Are Pigs,United States,Stand-Up,1990,30
7090,Tim Allen: ReWires America,United States,Stand-Up,1991,30
7125,Todd Glass: Stand-Up Special,United States,Stand-Up,2012,46
7134,Tom and Jerry: The Magic Ring,,Children,2001,60
7135,Tom Papa Live in New York City,United States,Stand-Up,2011,57
7136,Tom Papa: You're Doing Great!,United States,Stand-Up,2020,60
7167,Tracy Morgan: Staying Alive,United States,Stand-Up,2017,59
7176,Trailer Park Boys: Say Goodnight to the Bad Guys,Canada,Comedies,2008,47
7179,Trailer Park Boys: Xmas Special,Canada,Uncategorized,2004,46
7233,Trolls Holiday Special,United States,Children,2017,27
7246,True: Friendship Day,Canada,Children,2020,24
7247,True: Grabbleapple Harvest,Canada,Children,2019,24
7248,True: Happy Hearts Day,United States,Children,2019,24
7250,True: Rainbow Rescue,Canada,Uncategorized,2020,24
7252,True: Tricky Treat Day,Canada,Children,2019,24
7253,True: Winter Wishes,,Children,2019,46
7255,True: Wuzzle Wegg Day,Canada,Children,2020,24
7277,Twice,Japan,Documentaries,2010,53
7330,Under an Arctic Sky,United States,Action,2017,40
7429,Vir Das: Outside In - The Lockdown Special,India,Stand-Up,2020,50
7434,Virunga: Gorillas in Peril,United States,Documentaries,2015,29
7511,"We, the Marines",United States,Documentaries,2017,38
7549,WHAT DID JACK DO?,United States,Dramas,2020,17
7559,What Makes a Psychopath?,United Kingdom,Documentaries,2017,52
7569,What Would Sophia Loren Do?,United States,Documentaries,2021,32
7603,Whitney Cummings: Can I Touch It?,,Stand-Up,2019,59
7604,Whitney Cummings: Money Shot,United States,Stand-Up,2010,48
7613,Why Are We Getting So Fat?,United Kingdom,Documentaries,2016,50
7671,World's Weirdest Homes,,Uncategorized,2015,49
7679,WWII: Report from the Aleutians,United States,Documentaries,1943,45
7692,Ya no estoy aquí: Una conversación entre Guillermo del Toro y Alfonso Cuarón,,Documentaries,2020,15
7718,Yoo Byung Jae: Discomfort Zone,South Korea,Stand-Up,2018,54
7771,Zion,United States,Documentaries,2018,12
7784,Zulu Man in Japan,,Documentaries,2019,44
